{
  "name": "jquery",
  "main": "dist/jquery.js",
  "license": "MIT",
  "ignore": [
    "package.json"
  ],
  "keywords": [
    "jquery",
    "javascript",
    "browser",
    "library"
  ],
  "homepage": "https://github.com/jquery/jquery-dist",
  "version": "3.2.0",
  "_release": "3.2.0",
  "_resolution": {
    "type": "version",
    "tag": "3.2.0",
    "commit": "a81259fff4ea0c7b4cd98f04050c829640395a31"
  },
  "_source": "https://github.com/jquery/jquery-dist.git",
  "_target": ">= 1.8.3",
  "_originalSource": "jquery"
}