{
  "name": "bxslider-4",
  "version": "4.2.4",
  "homepage": "http://bxslider.com",
  "license": "MIT",
  "main": [
    "dist/jquery.bxslider.js",
    "dist/jquery.bxslider.css",
    "dist/images/bx_loader.gif",
    "dist/images/controls.png"
  ],
  "ignore": [
    "docs_src/*",
    "docs/*"
  ],
  "keywords": [
    "bxslider",
    "javascript",
    "jquery",
    "library"
  ],
  "dependencies": {
    "jquery": ">= 1.8.3"
  },
  "devDependencies": {
    "bootstrap": ">= 3.3.2",
    "highlightjs": "~8.4.0"
  },
  "_release": "4.2.4",
  "_resolution": {
    "type": "version",
    "tag": "v4.2.4",
    "commit": "ab8ea389d6ca04e6cc32483fb3b7781e95e03896"
  },
  "_source": "https://github.com/wandoledzep/bxslider-4.git",
  "_target": "v4.2.4",
  "_originalSource": "bxSlider"
}