{
  "name": "requirejs",
  "version": "2.3.3",
  "ignore": [],
  "homepage": "http://requirejs.org",
  "authors": [
    "jrburke.com"
  ],
  "description": "A file and module loader for JavaScript",
  "main": "require.js",
  "keywords": [
    "AMD"
  ],
  "license": [
    "MIT"
  ],
  "_release": "2.3.3",
  "_resolution": {
    "type": "version",
    "tag": "2.3.3",
    "commit": "4970d8e4c0861ed3ca7ab5092d4f9b1cb55a57d5"
  },
  "_source": "https://github.com/jrburke/requirejs-bower.git",
  "_target": "^2.3.3",
  "_originalSource": "requirejs"
}